Task Name,Bucket Name,Assigned To,CIF,Start Date,Due Date,Progress,Priority,Labels,Description
H-01 CI Action bloquea commits con IA co-author,Semana 1,LOPEZ RUIZ HECTOR NAPOLEON,2026010132,2026-08-31,2026-09-04,Not started,Urgent,security;devops,Workflow .github/workflows/no-ai-coauthor.yml que rechaza PR con Co-authored-by IA
H-02 Fix JWT secret longitud >= 32 bytes UTF-8,Semana 1,LOPEZ RUIZ HECTOR NAPOLEON,2026010132,2026-08-31,2026-09-06,Not started,Urgent,security,Validar en PostConstruct de JwtTokenProvider que el secret cumple HS256
H-03 Cerrar Swagger UI detras de rol ADMIN,Semana 1,LOPEZ RUIZ HECTOR NAPOLEON,2026010132,2026-08-31,2026-09-06,Not started,Urgent,security,OWASP API9 - swagger-ui y api-docs con hasRole ADMIN
H-05 Documentar respuestas del profesor,Semana 1,LOPEZ RUIZ HECTOR NAPOLEON,2026010132,2026-08-31,2026-09-03,Not started,Important,docs,Crear docs/RESPUESTAS_PROFESOR.md con las 3 decisiones tomadas
H-04 Mergear PRs de companeros (continuo),Continuo,LOPEZ RUIZ HECTOR NAPOLEON,2026010132,2026-08-31,2026-09-20,Not started,Urgent,scrum,Solo Hector mergea a develop; verifica compila y sin IA. Tarea abierta durante los 3 sprints
H-06 Verificar Docker levanta todo el sistema,Semana 3,VASQUEZ AMAYA WALTER AMILCAR,2026010068,2026-09-18,2026-09-20,Not started,Urgent,devops,docker compose up completo con login funcional en 8097
H-07 Tag v2.0.0-avance2 y push,Buffer,VIGIL RAMIREZ ALEJANDRO ANTONIO,2026010204,2026-09-22,2026-09-26,Not started,Urgent,git,Etiquetar entrega y subir tag al remoto
H-08 Ensayo de defensa (viernes 25/09),Buffer,LOPEZ RUIZ HECTOR NAPOLEON,2026010132,2026-09-25,2026-09-25,Not started,Urgent,scrum,Cada integrante explica su feature en 3 min; Nicole coordina el ensayo como QA lead
VG-08 JwtAuthenticationFilter + TenantContext (BLOQUEANTE),Semana 1,VIGIL RAMIREZ ALEJANDRO ANTONIO,2026010204,2026-08-31,2026-09-03,Not started,Urgent,security,Sin esto ningun endpoint autenticado funciona y todo POST multi-tenant explota. Prerequisito de U-01 P-02 DR-01 VT-03 VT-04 O-04 M-06
VG-01 Rate limiting Bucket4j en /api/auth/login,Semana 1,VIGIL RAMIREZ ALEJANDRO ANTONIO,2026010204,2026-09-03,2026-09-06,Not started,Urgent,security,5 intentos por minuto por IP; devuelve 429
VG-04 GlobalExceptionHandler sin leak de stacktrace,Semana 1,VIGIL RAMIREZ ALEJANDRO ANTONIO,2026010204,2026-08-31,2026-09-06,Not started,Important,security,Handler generico devuelve JSON minimo sin trace
VG-03 CORS parametrizado por env var,Semana 2,VIGIL RAMIREZ ALEJANDRO ANTONIO,2026010204,2026-09-07,2026-09-13,Not started,Important,security,CORS_ALLOWED_ORIGINS configurable en Docker
VG-05 Security headers OWASP,Semana 2,VIGIL RAMIREZ ALEJANDRO ANTONIO,2026010204,2026-09-07,2026-09-13,Not started,Important,security,X-Frame-Options DENY + HSTS + Referrer-Policy
VG-06 Endpoint /api/auth/logout con blacklist JWT,Semana 3,VIGIL RAMIREZ ALEJANDRO ANTONIO,2026010204,2026-09-14,2026-09-20,Not started,Important,security,JwtBlacklist en memoria + filtro rechaza revocados
VG-07 Apoyar feature C con 2 queries paralelas,Semana 3,VASQUEZ AMAYA WALTER AMILCAR,2026010068,2026-09-14,2026-09-15,Not started,Important,backend,Coordinado con M-05 de Merino
O-05 Fix race condition registerFailedAttempt (JPQL atomico),Semana 1,LOPEZ RUIZ HECTOR NAPOLEON,2026010132,2026-08-31,2026-09-06,Not started,Urgent,security,UPDATE atomico bloquea cuenta tras 5 fallos
O-01 Entidad Appointment extends BaseEntity,Semana 2,ORELLANA ROJAS BAYRON ALEXANDER,2026011707,2026-09-07,2026-09-13,Not started,Important,backend,JPA mapping + indices; requiere BaseEntity de Ventura
O-02 AppointmentRepository con queries multi-tenant,Semana 2,ORELLANA ROJAS BAYRON ALEXANDER,2026011707,2026-09-07,2026-09-13,Not started,Important,backend,4 metodos custom incluyendo countByDateAndTenant
O-03 AppointmentService con validaciones + codigo reserva,Semana 2,ORELLANA ROJAS BAYRON ALEXANDER,2026011707,2026-09-07,2026-09-13,Not started,Important,backend,No citas en pasado; doctor/paciente existen; slot libre; COD-XXXX
O-04 Endpoints REST /api/appointments,Semana 2,ORELLANA ROJAS BAYRON ALEXANDER,2026011707,2026-09-07,2026-09-13,Not started,Important,backend,POST + POST cancel con regla 24h
O-06 Endpoint slots disponibles por doctor y fecha,Semana 3,ORELLANA ROJAS BAYRON ALEXANDER,2026011707,2026-09-14,2026-09-20,Not started,Important,backend,GET /doctors/{id}/slots?date=YYYY-MM-DD para modal Melgar
D-00 Pantalla /login con formulario email+password+tenantSlug,Semana 1,DIAZ SANTOS ZAIR BENETT,2026010796,2026-08-31,2026-09-05,Not started,Urgent,frontend,Consume POST /api/auth/login; muestra error de credenciales; redirige a /dashboard tras exito
D-01 Setup React Router con rutas protegidas,Semana 1,DIAZ SANTOS ZAIR BENETT,2026010796,2026-08-31,2026-09-06,Not started,Urgent,frontend,ProtectedRoute redirige a /login o /403 segun rol
D-02 Layout base con navbar y sidebar,Semana 1,DIAZ SANTOS ZAIR BENETT,2026010796,2026-08-31,2026-09-06,Not started,Urgent,frontend,AppLayout con sidebar dinamico segun rol
D-03 Persistencia JWT localStorage + hook useAuth,Semana 1,DIAZ SANTOS ZAIR BENETT,2026010796,2026-08-31,2026-09-06,Not started,Urgent,frontend,axios interceptor + auto-logout en 401
D-04 Pantalla Dashboard con 4 KPIs de Merino,Semana 3,LOPEZ RUIZ HECTOR NAPOLEON,2026010132,2026-09-14,2026-09-17,Not started,Important,frontend,Consume GET /api/dashboard/metrics; movido a S3 porque M-06 cierra 13/09
D-05 Pantalla Pacientes con busqueda DUI,Semana 2,DIAZ SANTOS ZAIR BENETT,2026010796,2026-09-07,2026-09-13,Not started,Important,frontend,Tabla + filtro nombre y DUI (formato ########-#)
D-06 Modal crear/editar paciente con validaciones,Semana 3,VASQUEZ AMAYA WALTER AMILCAR,2026010068,2026-09-14,2026-09-17,Not started,Important,frontend,React Hook Form + Zod
D-07 Pantalla Doctores CRUD (solo ADMIN),Semana 3,DIAZ SANTOS ZAIR BENETT,2026010796,2026-09-14,2026-09-20,Not started,Important,frontend,Guarded por rol; usa DataTable de Melgar
D-08 Pantalla Perfil con cambio de password,Semana 3,FUENTES ORTIZ ERIKA ALEXANDRA,2026011709,2026-09-14,2026-09-20,Not started,Important,frontend,Consume /api/users/me y /api/auth/change-password
D-09 Estados loading/error consistentes en todas las pantallas,Semana 3,FUENTES ORTIZ ERIKA ALEXANDRA,2026011709,2026-09-18,2026-09-20,Not started,Important,frontend;qa,Toast + Skeleton en todas las pantallas — verificacion QA cruzada
F-01 Habilitar Flyway y ddl-auto validate,Semana 1,FLORES HERNANDEZ WALTER ALEJANDRO,2026011012,2026-08-31,2026-09-04,Not started,Urgent,db,Migraciones controladas y esquema validado
"F-02 Migraciones V5 V6 V7 (appointments, records, prescriptions)",Semana 2,FLORES HERNANDEZ WALTER ALEJANDRO,2026011012,2026-09-07,2026-09-13,Not started,Important,db,SQL con FK multi-tenant e indice unico parcial anti doble-reserva
F-03 Constraints multi-tenant en todas las tablas,Semana 3,FLORES HERNANDEZ WALTER ALEJANDRO,2026011012,2026-09-14,2026-09-15,Not started,Important,db,Test cross-tenant debe fallar como se espera
F-04 Seed demo (5 doctores 20 pacientes 30 citas),Semana 3,FLORES HERNANDEZ WALTER ALEJANDRO,2026011012,2026-09-14,2026-09-17,Not started,Important,db,V8__seed_demo.sql para la defensa
F-05 Tests de integracion con Testcontainers PostgreSQL,Semana 3,VASQUEZ AMAYA WALTER AMILCAR,2026010068,2026-09-14,2026-09-19,Not started,Important,qa,3 tests golpean BD real
F-06 Verificar generacion de data/*.dat,Semana 3,VASQUEZ AMAYA WALTER AMILCAR,2026010068,2026-09-18,2026-09-20,Not started,Important,qa,Coordinado con Merino
MR-01 Componente reutilizable DataTable,Semana 1,MELGAR RIVAS WILLIAM ARIEL,2026011736,2026-08-31,2026-09-06,Not started,Urgent,frontend,Base para Pacientes Doctores Citas Expediente
MR-02 Pantalla Citas (agenda + tabla),Semana 2,MELGAR RIVAS WILLIAM ARIEL,2026011736,2026-09-07,2026-09-13,Not started,Important,frontend,Vista tabla con badges por estado
MR-03 Modal Nueva Cita con slots dinamicos,Semana 2,MELGAR RIVAS WILLIAM ARIEL,2026011736,2026-09-07,2026-09-13,Not started,Important,frontend,POST /api/appointments; muestra 409 doble-reserva
MR-04 Acciones de cita (cancelar/reprogramar/completar),Semana 3,MELGAR RIVAS WILLIAM ARIEL,2026011736,2026-09-14,2026-09-17,Not started,Important,frontend,Confirmacion + refresco sin reload
MR-05 Pantalla Expediente Paciente con timeline,Semana 3,MELGAR RIVAS WILLIAM ARIEL,2026011736,2026-09-14,2026-09-18,Not started,Important,frontend,GET /api/patients/{id}/medical-record
MR-06 Pantalla Recetas (crear con items dinamicos),Semana 3,MELGAR RIVAS WILLIAM ARIEL,2026011736,2026-09-14,2026-09-19,Not started,Important,frontend,POST /api/prescriptions
MR-07 Vista imprimible de receta (@media print),Semana 3,VASQUEZ AMAYA WALTER AMILCAR,2026010068,2026-09-18,2026-09-20,Not started,Important,frontend,window.print() con estilos A4
MR-08 Verificar responsive Tailwind en movil,Semana 3,FUENTES ORTIZ ERIKA ALEXANDRA,2026011709,2026-09-19,2026-09-20,Not started,Important,frontend,Todas las pantallas se ven bien menor a 768px
M-01 POC BackupDatSchedulerPoc + DashboardParallelPoc,Semana 1,MERINO VENTURA ALEJANDRO SEBASTIAN,2026020122,2026-08-31,2026-09-03,Not started,Urgent,concurrency;dat,Demostrar viabilidad de ambos features
M-02 Clase abstracta DatFileDao<T> generica thread-safe,Semana 2,MERINO VENTURA ALEJANDRO SEBASTIAN,2026020122,2026-09-07,2026-09-08,Not started,Urgent,concurrency;dat,ReentrantReadWriteLock + herencia + genericos
M-03 AuditBackupScheduler cada 60s (feature B),Semana 2,MERINO VENTURA ALEJANDRO SEBASTIAN,2026020122,2026-09-07,2026-09-12,Not started,Urgent,concurrency;dat,ScheduledExecutorService respalda audit_log a .dat
M-04 Backup diario de expedientes modificados a .dat,Semana 3,MERINO VENTURA ALEJANDRO SEBASTIAN,2026020122,2026-09-10,2026-09-13,Not started,Important,dat,data/records_backup_YYYYMMDD.dat
M-05 DashboardMetricsService con CompletableFuture.allOf,Semana 2,MERINO VENTURA ALEJANDRO SEBASTIAN,2026020122,2026-09-08,2026-09-13,Not started,Urgent,concurrency,4 queries en paralelo (feature C)
M-06 DashboardController GET /api/dashboard/metrics,Semana 2,MERINO VENTURA ALEJANDRO SEBASTIAN,2026020122,2026-09-12,2026-09-13,Not started,Urgent,backend,JSON con 4 metricas para Dashboard de Diaz
M-07 Documentar arquitectura hibrida PostgreSQL + .dat,Semana 3,MERINO VENTURA ALEJANDRO SEBASTIAN,2026020122,2026-09-14,2026-09-17,Not started,Important,docs,docs/PERSISTENCIA_DAT.md con diagrama
M-08 Speech tecnico 3 min para defensa (B + C),Buffer,MERINO VENTURA ALEJANDRO SEBASTIAN,2026020122,2026-09-22,2026-09-25,Not started,Urgent,defensa,Ensayado el 25/09
EK-01 Verificacion QA pantallas frontend (smoke test manual),Semana 2,FUENTES ORTIZ ERIKA ALEXANDRA,2026011709,2026-09-07,2026-09-13,Not started,Important,qa,Verificar login + dashboard + pacientes + citas en Chrome y Firefox; reportar bugs
V-01 Portada con foto y CIF de los 11,Semana 1,LOPEZ RUIZ HECTOR NAPOLEON,2026010132,2026-08-31,2026-09-06,Not started,Urgent,docs,Erika NO TRABAJO si no commitea antes del 14/09
V-02 Objetivo general + 3 objetivos especificos,Semana 1,LOPEZ RUIZ HECTOR NAPOLEON,2026010132,2026-08-31,2026-09-06,Not started,Urgent,docs,OE1 + OE2 (citas/seguridad) + OE3 (expediente adelanto)
V-03 Seccion 4 tabla equipo Scrum (10 roles),Semana 1,VIGIL RAMIREZ ALEJANDRO ANTONIO,2026010204,2026-08-31,2026-09-06,Not started,Urgent,docs,Copiar tabla del plan de ejecucion
V-04 Seccion 5 roles del sistema con funciones,Semana 2,ORELLANA ROJAS BAYRON ALEXANDER,2026011707,2026-09-07,2026-09-08,Not started,Important,docs,Medico Paciente Enfermera Admin Recepcion
V-05 Seccion 6 HU-001 a HU-010 con criterios,Semana 2,DIAZ SANTOS ZAIR BENETT,2026010796,2026-09-07,2026-09-12,Not started,Important,docs,Login pacientes citas expediente recetas
V-06 Seccion 7 alcances y limitaciones,Semana 2,FLORES HERNANDEZ WALTER ALEJANDRO,2026011012,2026-09-07,2026-09-12,Not started,Important,docs,Sin email/SMS real ni billing ni telemedicina
V-07 Seccion 8 planificacion (actividad/responsable/fecha),Semana 2,MELGAR RIVAS WILLIAM ARIEL,2026011736,2026-09-11,2026-09-13,Not started,Important,docs,Copia el timeline y asignaciones
V-08 Seccion 9 cronograma diagrama Gantt,Semana 3,MERINO VENTURA ALEJANDRO SEBASTIAN,2026020122,2026-09-14,2026-09-15,Not started,Important,docs,Imagen embebida con los 3 sprints
V-09 Seccion 10 entradas/salidas por HU,Semana 3,VASQUEZ AMAYA WALTER AMILCAR,2026010068,2026-09-14,2026-09-16,Not started,Important,docs,Minimo 5 HUs con I/O listadas
V-10 Seccion 11 entidades del sistema con atributos,Semana 3,VENTURA VELASQUEZ CARLOS MARIO,2026011585,2026-09-14,2026-09-17,Not started,Important,docs,Coherente con UML del proyecto
V-11 Seccion 12 proyecto (11 subpuntos tecnicos),Semana 3,SANCHEZ MENJIVAR NICOLE NOHEMY,2026010813,2026-09-14,2026-09-19,Not started,Important,docs,Cada subpunto cita clases reales del repo
V-12 Seccion 13 conclusiones del avance,Semana 3,FUENTES ORTIZ ERIKA ALEXANDRA,2026011709,2026-09-18,2026-09-20,Not started,Important,docs,Minimo 5 conclusiones concretas
V-13 Seccion 14 bibliografia formato APA,Semana 3,FUENTES ORTIZ ERIKA ALEXANDRA,2026011709,2026-09-18,2026-09-20,Not started,Important,docs,Minimo 5 referencias
V-14 Exportar a PDF y versionar en raiz,Semana 3,LOPEZ RUIZ HECTOR NAPOLEON,2026010132,2026-09-20,2026-09-20,Not started,Urgent,docs,AVANCE2_MEDISUITE.pdf en la raiz del repo antes del freeze del 21/09
VT-01 BaseEntity abstracta (herencia + abstracta),Semana 1,VENTURA VELASQUEZ CARLOS MARIO,2026011585,2026-08-31,2026-09-04,Not started,Urgent,backend,@MappedSuperclass con id/tenant/createdAt/updatedAt + Serializable
VT-02 Refactorizar 8+ entidades para extender BaseEntity,Semana 1,VENTURA VELASQUEZ CARLOS MARIO,2026011585,2026-08-31,2026-09-06,Not started,Urgent,backend,git grep 'extends BaseEntity' >= 8
VT-03 Modulo MedicalRecord (entity + repo + service + controller),Semana 2,VENTURA VELASQUEZ CARLOS MARIO,2026011585,2026-09-07,2026-09-12,Not started,Important,backend,HU: enfermera consulta expediente de paciente
VT-04 Modulo Prescription con List<PrescriptionItem>,Semana 3,VENTURA VELASQUEZ CARLOS MARIO,2026011585,2026-09-14,2026-09-14,Not started,Important,backend,HU-002 receta con medicamentos y fecha
VT-05 Documentar en JavaDoc por que List y por que Set,Semana 3,FUENTES ORTIZ ERIKA ALEXANDRA,2026011709,2026-09-14,2026-09-15,Not started,Important,backend,Cumple criterio colecciones justificadas
VT-06 Fix audit_log no acepta user_id/tenant_id null,Semana 3,VENTURA VELASQUEZ CARLOS MARIO,2026011585,2026-09-14,2026-09-17,Not started,Important,security,Migracion NOT NULL + test
VT-07 Coordinar Serializable en MedicalRecord y Prescription,Semana 3,FUENTES ORTIZ ERIKA ALEXANDRA,2026011709,2026-09-14,2026-09-15,Not started,Important,backend,Habilita backup .dat de Merino
S-01 Setup JUnit 5 + Mockito + smoke test,Semana 1,SANCHEZ MENJIVAR NICOLE NOHEMY,2026010813,2026-08-31,2026-09-04,Not started,Urgent,qa,mvn test corre y pasa
S-02 Tests AuthService (5 tests: login/pwd mala/bloqueo),Semana 2,SANCHEZ MENJIVAR NICOLE NOHEMY,2026010813,2026-09-07,2026-09-08,Not started,Important,qa,Cobertura AuthService >= 60%
S-03 Tests AppointmentService PatientService MedicalRecordService,Semana 2,SANCHEZ MENJIVAR NICOLE NOHEMY,2026010813,2026-09-07,2026-09-13,Not started,Important,qa,Cobertura backend global >= 40%
S-04 Test integracion backup .dat de Merino,Semana 3,SANCHEZ MENJIVAR NICOLE NOHEMY,2026010813,2026-09-14,2026-09-17,Not started,Important,qa,Carga .dat producido y valida contenido
S-05 Casos de prueba manuales (minimo 20 casos),Semana 3,SANCHEZ MENJIVAR NICOLE NOHEMY,2026010813,2026-09-14,2026-09-19,Not started,Important,qa,docs/qa/CASOS_PRUEBA.md HU-001 a HU-010
S-06 Reporte de bugs con priorizacion,Semana 3,SANCHEZ MENJIVAR NICOLE NOHEMY,2026010813,2026-09-18,2026-09-20,Not started,Important,qa,Minimo 5 bugs clasificados
P-01 Renombrar campo cif->dui en Patient + migracion Flyway,Semana 1,FLORES HERNANDEZ WALTER ALEJANDRO,2026011012,2026-08-31,2026-09-05,Not started,Urgent,db;backend,Migracion V4b__rename_patient_cif_to_dui.sql + rename atributo en Patient.java; coordinar con Orellana
P-02 PatientService + PatientController con busqueda por DUI,Semana 2,ORELLANA ROJAS BAYRON ALEXANDER,2026011707,2026-09-07,2026-09-11,Not started,Urgent,backend,GET /api/patients?search=<dui|nombre> paginado + POST + PUT; requerido para D-05 y modal Nueva Cita
DR-01 DoctorService + DoctorController CRUD,Semana 2,VASQUEZ AMAYA WALTER AMILCAR,2026010068,2026-09-08,2026-09-13,Not started,Urgent,backend,GET/POST/PUT/DELETE /api/doctors; requerido para D-07 y modal Nueva Cita de Melgar
U-01 UserController /me + POST /api/auth/change-password,Semana 2,LOPEZ RUIZ HECTOR NAPOLEON,2026010132,2026-09-09,2026-09-13,Not started,Urgent,backend;security,GET /api/users/me + endpoint cambio de password; requerido para D-08 Perfil
VT-04b PrescriptionController REST POST/GET,Semana 3,VENTURA VELASQUEZ CARLOS MARIO,2026011585,2026-09-15,2026-09-18,Not started,Urgent,backend,POST /api/prescriptions con lista de items; GET por id; requerido para MR-06
PIC-01 Recolectar fotos de portada de los 11 integrantes,Semana 1,LOPEZ RUIZ HECTOR NAPOLEON,2026010132,2026-08-31,2026-09-04,Not started,Urgent,docs,Pedir por WhatsApp foto tipo carnet 300x300 a cada companero; entregar a Vasquez para V-01
F-07 Migracion must_change_password en users,Semana 2,FLORES HERNANDEZ WALTER ALEJANDRO,2026011012,2026-09-09,2026-09-11,Not started,Urgent,db,V4c__user_must_change_password.sql; requerido por U-01 de Vigil
